,coins
0,"{'names': 'aave', 'prices': [[1622937600000, 355.8488578904908], [1623024000000, 365.1574470889587], [1623110400000, 333.0430127939211], [1623196800000, 330.9944738508902], [1623283200000, 338.1556079907196], [1623369600000, 312.17838057843574], [1623456000000, 284.95775436388567], [1623542400000, 279.201510660147], [1623628800000, 317.3968462535265], [1623715200000, 318.2791149945074], [1623801600000, 313.7401889712089], [1623888000000, 289.4965196444316], [1623974400000, 293.1898822037621], [1624060800000, 264.6879583775485], [1624147200000, 255.96626328323202], [1624233600000, 274.1250052170514], [1624320000000, 215.57630259916442], [1624406400000, 204.45860661408108], [1624492800000, 207.45041909267593], [1624579200000, 210.96021936395863], [1624665600000, 190.184559459622], [1624752000000, 184.8042978960187], [1624838400000, 201.78792587319487], [1624924800000, 227.5838094758979], [1625011200000, 238.96553691375024], [1625097600000, 250.66388215754432], [1625184000000, 232.7305660752655], [1625270400000, 234.28644299622925], [1625356800000, 260.04830106795333], [1625443200000, 277.8909618656969], [1625495285000, 272.73528496620423]]}"
1,"{'names': 'algorand', 'prices': [[1622937600000, 0.9713726016502133], [1623024000000, 1.0243761519575547], [1623110400000, 0.9536106990122569], [1623196800000, 0.9471113482643613], [1623283200000, 1.0458109132413589], [1623369600000, 1.0343704106565899], [1623456000000, 0.9715709015048065], [1623542400000, 0.985037410780364], [1623628800000, 1.0420586922750825], [1623715200000, 1.055000751672499], [1623801600000, 1.0334153929475793], [1623888000000, 1.0111956370993147], [1623974400000, 1.0632373617675077], [1624060800000, 0.985120351187581], [1624147200000, 0.9412345794803213], [1624233600000, 0.9384822597269431], [1624320000000, 0.7625467428192424], [1624406400000, 0.7433507572886806], [1624492800000, 0.8336556261101493], [1624579200000, 0.872635914159789], [1624665600000, 0.8084182230948925], [1624752000000, 0.8040432026356049], [1624838400000, 0.8332120258995819], [1624924800000, 0.8451493734438098], [1625011200000, 0.8825010971057592], [1625097600000, 0.8824945214008417], [1625184000000, 0.8441807373586685], [1625270400000, 0.843268817593555], [1625356800000, 0.8744511044728553], [1625443200000, 0.8833413235915357], [1625494814000, 0.864773586428278]]}"
2,"{'names': 'binancecoin', 'prices': [[1622937600000, 388.33019075735723], [1623024000000, 392.0265012406166], [1623110400000, 356.26141468125365], [1623196800000, 353.7624004673745], [1623283200000, 376.18736712521803], [1623369600000, 352.39187862755034], [1623456000000, 346.0770263345878], [1623542400000, 345.0457266991574], [1623628800000, 365.2476466395085], [1623715200000, 371.00423762337175], [1623801600000, 369.0197344143191], [1623888000000, 346.43933841857296], [1623974400000, 353.2126444369965], [1624060800000, 337.6347927394546], [1624147200000, 335.07018119431814], [1624233600000, 340.2281584344195], [1624320000000, 274.27055686293926], [1624406400000, 261.43223961520897], [1624492800000, 296.1273022004297], [1624579200000, 308.79361050917015], [1624665600000, 284.0782307500083], [1624752000000, 277.39963231242126], [1624838400000, 289.2248669688827], [1624924800000, 291.0298352850683], [1625011200000, 300.9239255732945], [1625097600000, 303.7424426595392], [1625184000000, 289.1924506931423], [1625270400000, 288.1721729444467], [1625356800000, 298.4150443566236], [1625443200000, 308.2587161797882], [1625493640000, 297.67466058729514]]}"
3,"{'names': 'binance-peg-bitcoin-cash', 'prices': [[1622937600000, 645.8986068865952], [1623024000000, 652.4220653834624], [1623110400000, 605.5136924677709], [1623196800000, 600.0283749458063], [1623283200000, 634.3501289765285], [1623369600000, 616.4905533631676], [1623456000000, 603.0688664601713], [1623542400000, 587.2240043361362], [1623628800000, 617.0180577669328], [1623715200000, 639.6001819166798], [1623801600000, 632.1245396753282], [1623888000000, 595.6134226053535], [1623974400000, 590.3150682144213], [1624060800000, 552.7568856300105], [1624147200000, 566.027333015664], [1624233600000, 557.6351359059634], [1624320000000, 474.8827510762122], [1624406400000, 441.9578937903625], [1624492800000, 466.21262008495023], [1624579200000, 484.88267357344364], [1624665600000, 459.33106212549785], [1624752000000, 452.4013671513315], [1624838400000, 478.73985256955], [1624924800000, 501.43209345074115], [1625011200000, 521.7815275446349], [1625097600000, 547.3197506947498], [1625184000000, 494.68284903300776], [1625270400000, 494.7600289838471], [1625356800000, 503.74782463527333], [1625443200000, 526.2780576158883], [1625493849000, 493.97333462385524]]}"
4,"{'names': 'binance-peg-cardano', 'prices': [[1622937600000, 1.65703789308906], [1623024000000, 1.6677669056273863], [1623110400000, 1.580364456474441], [1623196800000, 1.5857212170369916], [1623283200000, 1.6197027372515678], [1623369600000, 1.5703320240557228], [1623456000000, 1.4894232564644851], [1623542400000, 1.4894232564644851], [1623628800000, 1.557880779608485], [1623715200000, 1.5688637763962736], [1623801600000, 1.5728568393194704], [1623888000000, 1.5019107504349791], [1623974400000, 1.4796900110894438], [1624060800000, 1.4166373331103028], [1624147200000, 1.3905301072485243], [1624233600000, 1.4380128394678073], [1624320000000, 1.2214218000489607], [1624406400000, 1.1345159176323487], [1624492800000, 1.2219791975602778], [1624579200000, 1.3522613484235275], [1624665600000, 1.2729901238084629], [1624752000000, 1.2456832524216275], [1624838400000, 1.3557464414344313], [1624924800000, 1.3228829062233194], [1625011200000, 1.3735524180195355], [1625097600000, 1.38322133370377], [1625184000000, 1.3427970695322449], [1625270400000, 1.3968125482811606], [1625356800000, 1.4071919756744247], [1625443200000, 1.461841305160239], [1625493868000, 1.4055178432462323]]}"
5,"{'names': 'binance-peg-dogecoin', 'prices': [[1622937600000, 0.3714924149227474], [1623024000000, 0.3714775914623181], [1623110400000, 0.3345893238403569], [1623196800000, 0.332265226829017], [1623283200000, 0.34987597428780637], [1623369600000, 0.3370504549363983], [1623456000000, 0.3142500881346223], [1623542400000, 0.3142500881346223], [1623628800000, 0.32499834614600503], [1623715200000, 0.35273043909725776], [1623801600000, 0.32215433901399554], [1623888000000, 0.3044436986053509], [1623974400000, 0.30711080835947185], [1624060800000, 0.28922661327413896], [1624147200000, 0.28886456497398744], [1624233600000, 0.2832993502653278], [1624320000000, 0.20243018886460665], [1624406400000, 0.19247543566326225], [1624492800000, 0.23770515484641036], [1624579200000, 0.263206071812415], [1624665600000, 0.2405905123596695], [1624752000000, 0.24141280868768358], [1624838400000, 0.2554129219169162], [1624924800000, 0.25662946010367294], [1625011200000, 0.26234207176704943], [1625097600000, 0.25426558407733485], [1625184000000, 0.24668454837137987], [1625270400000, 0.2464117976658622], [1625356800000, 0.24623610850698632], [1625443200000, 0.24602874977353018], [1625493659000, 0.2360570607576407]]}"
6,"{'names': 'binance-peg-eos', 'prices': [[1622937600000, 5.751431444119793], [1623024000000, 5.785333379194786], [1623110400000, 5.210970428072746], [1623196800000, 5.066274895156102], [1623283200000, 5.370884048330711], [1623369600000, 5.1610707820520325], [1623456000000, 4.9107868934724905], [1623542400000, 4.9107868934724905], [1623628800000, 5.139377732736228], [1623715200000, 5.310571459588962], [1623801600000, 5.21262404037881], [1623888000000, 4.859580586927287], [1623974400000, 4.865906778782594], [1624060800000, 4.5069814878943255], [1624147200000, 4.498492831303862], [1624233600000, 4.510225468142914], [1624320000000, 3.58073045308713], [1624406400000, 3.4372365392293283], [1624492800000, 3.6063959860370907], [1624579200000, 3.9113916044720582], [1624665600000, 3.5727247823783714], [1624752000000, 3.502551566894994], [1624838400000, 3.754715514305087], [1624924800000, 3.8387063375418893], [1625011200000, 4.193787949521158], [1625097600000, 4.124353072392643], [1625184000000, 3.897774415926975], [1625270400000, 3.9214320593498724], [1625356800000, 4.030278406201563], [1625443200000, 4.0603850158989765], [1625494088000, 3.8064550296311035]]}"
7,"{'names': 'binance-peg-litecoin', 'prices': [[1622937600000, 171.63732956156701], [1623024000000, 174.67645068585722], [1623110400000, 163.7744386055136], [1623196800000, 161.54713770462726], [1623283200000, 172.9778183914227], [1623369600000, 169.22192205923614], [1623456000000, 161.7742857531374], [1623542400000, 161.7742857531374], [1623628800000, 172.13462323848825], [1623715200000, 181.10450872116132], [1623801600000, 175.16421841530152], [1623888000000, 164.5257469132022], [1623974400000, 166.41945005113823], [1624060800000, 155.74003826218785], [1624147200000, 154.22031509388927], [1624233600000, 155.7360774044983], [1624320000000, 126.75462300260564], [1624406400000, 120.8850627637511], [1624492800000, 126.08935714636765], [1624579200000, 134.49286615100073], [1624665600000, 125.87144683931031], [1624752000000, 125.16661285834553], [1624838400000, 131.5398962123938], [1624924800000, 137.10167707544798], [1625011200000, 146.01205501926773], [1625097600000, 146.0267815227005], [1625184000000, 137.41635352822496], [1625270400000, 138.1336338190076], [1625356800000, 139.14623309250229], [1625443200000, 146.63001380915517], [1625493395000, 138.75307937314156]]}"
8,"{'names': 'binance-peg-polkadot', 'prices': [[1622937600000, 23.756314096165447], [1623024000000, 24.16840225378608], [1623110400000, 21.962439883203544], [1623196800000, 21.78597403015385], [1623283200000, 23.366647469682572], [1623369600000, 22.800028494737546], [1623456000000, 20.744672537295664], [1623542400000, 20.88282828225678], [1623628800000, 22.00618398004415], [1623715200000, 25.81158299246011], [1623801600000, 24.35607963726772], [1623888000000, 22.991300769357043], [1623974400000, 22.29556584405066], [1624060800000, 21.17544205115828], [1624147200000, 20.62820573286368], [1624233600000, 20.807381956166715], [1624320000000, 16.540658748024082], [1624406400000, 14.748837650990186], [1624492800000, 15.910468287984006], [1624579200000, 16.225477043601053], [1624665600000, 14.71622696186523], [1624752000000, 14.305534671857425], [1624838400000, 14.883741859640601], [1624924800000, 15.740559829762823], [1625011200000, 16.552365086050152], [1625097600000, 16.19055095392659], [1625184000000, 15.377220930611252], [1625270400000, 15.36359778364152], [1625356800000, 15.436105804936645], [1625443200000, 16.120345012834697], [1625493850000, 15.090995459193511]]}"
9,"{'names': 'binance-peg-xrp', 'prices': [[1622937600000, 0.9215113915093912], [1623024000000, 0.9298607012835239], [1623110400000, 0.8672357433053463], [1623196800000, 0.8769886838556069], [1623283200000, 0.9036945444739738], [1623369600000, 0.8795159200128861], [1623456000000, 0.8402566345747154], [1623542400000, 0.8402566345747154], [1623628800000, 0.883426939203988], [1623715200000, 0.8959634924544437], [1623801600000, 0.8764867340570398], [1623888000000, 0.8305310976386899], [1623974400000, 0.8403528663121856], [1624060800000, 0.7971405738207622], [1624147200000, 0.7683631759187176], [1624233600000, 0.7787837312740372], [1624320000000, 0.6566777779192575], [1624406400000, 0.5411892204304396], [1624492800000, 0.6212359536156951], [1624579200000, 0.6743349086423301], [1624665600000, 0.6132063910306914], [1624752000000, 0.611279637954165], [1624838400000, 0.648985643097032], [1624924800000, 0.6444108183728153], [1625011200000, 0.7072991719974739], [1625097600000, 0.6791331232006294], [1625184000000, 0.6609268206080261], [1625270400000, 0.6545640177684434], [1625356800000, 0.6735160591186439], [1625443200000, 0.6956564911713629], [1625494108000, 0.6573543382172854]]}"
10,"{'names': 'bitcoin', 'prices': [[1622937600000, 35546.98596483364], [1623024000000, 35834.4744744042], [1623110400000, 33451.38340714534], [1623196800000, 33557.15068309184], [1623283200000, 37553.64375851888], [1623369600000, 36903.304906778896], [1623456000000, 37289.43252210222], [1623542400000, 35666.14977877309], [1623628800000, 39147.70567879997], [1623715200000, 40624.51305316154], [1623801600000, 40378.20254971114], [1623888000000, 38321.454656574206], [1623974400000, 38193.619141943964], [1624060800000, 35881.11137137543], [1624147200000, 35581.64226773201], [1624233600000, 35787.07740523232], [1624320000000, 31711.935467727006], [1624406400000, 32507.738707026845], [1624492800000, 33702.61779371396], [1624579200000, 34675.44910530336], [1624665600000, 31943.136467863093], [1624752000000, 32023.973901774916], [1624838400000, 34607.293274083386], [1624924800000, 34556.8421269449], [1625011200000, 35968.993667970346], [1625097600000, 35171.486304850056], [1625184000000, 33677.566235922626], [1625270400000, 33950.786555181], [1625356800000, 34729.89077801021], [1625443200000, 35394.213074080915], [1625494275000, 33759.817162909814]]}"
11,"{'names': 'bitcoin-cash', 'prices': [[1622937600000, 647.9871093069355], [1623024000000, 655.071471021342], [1623110400000, 592.0101813158435], [1623196800000, 597.9659488999873], [1623283200000, 634.6791939607144], [1623369600000, 601.5652488052572], [1623456000000, 577.1160094976595], [1623542400000, 582.2521959838385], [1623628800000, 612.7461445249966], [1623715200000, 640.3636926828575], [1623801600000, 631.3562795423525], [1623888000000, 592.1676307264014], [1623974400000, 600.2184700968755], [1624060800000, 564.3121977206177], [1624147200000, 554.9983048960918], [1624233600000, 558.5691966432639], [1624320000000, 460.9766431929683], [1624406400000, 441.25335656932396], [1624492800000, 472.27122152062316], [1624579200000, 485.33241491098505], [1624665600000, 460.2518320979413], [1624752000000, 454.7721490523718], [1624838400000, 476.5754534955287], [1624924800000, 502.60158318092937], [1625011200000, 524.6427941634063], [1625097600000, 527.9255228932693], [1625184000000, 500.42836352817534], [1625270400000, 496.9604363214694], [1625356800000, 504.8236389611581], [1625443200000, 531.2882421435576], [1625494925000, 502.6270357449247]]}"
12,"{'names': 'bitcoin-cash-sv', 'prices': [[1622937600000, 177.12858039503382], [1623024000000, 178.20343947603382], [1623110400000, 164.88123803095127], [1623196800000, 163.28287249935852], [1623283200000, 173.42906625092004], [1623369600000, 165.5369863761748], [1623456000000, 164.4069509532361], [1623542400000, 162.3391406720048], [1623628800000, 171.79299347945368], [1623715200000, 174.46546092078668], [1623801600000, 170.20522453288825], [1623888000000, 163.5473614945836], [1623974400000, 163.7956419302834], [1624060800000, 157.53038241166342], [1624147200000, 155.57601263988587], [1624233600000, 153.37211365679985], [1624320000000, 125.73745389557621], [1624406400000, 118.50821738250298], [1624492800000, 128.1955158524161], [1624579200000, 131.69147722275756], [1624665600000, 123.51925850749214], [1624752000000, 124.43419582903904], [1624838400000, 130.822756546987], [1624924800000, 154.69648329748858], [1625011200000, 152.94190213009023], [1625097600000, 147.5727522550214], [1625184000000, 146.50274318196952], [1625270400000, 145.5834317415061], [1625356800000, 146.67615972846895], [1625443200000, 150.4456301108129], [1625493700000, 143.51661955427463]]}"
13,"{'names': 'bittorrent-2', 'prices': [[1622937600000, 0.004033260949305419], [1623024000000, 0.0040718563278652805], [1623110400000, 0.0036310670236137962], [1623196800000, 0.003740323637314297], [1623283200000, 0.0038245258418505893], [1623369600000, 0.003636129947054931], [1623456000000, 0.0035263814765947154], [1623542400000, 0.0034116952654638277], [1623628800000, 0.0035550126573230577], [1623715200000, 0.003563459815983758], [1623801600000, 0.0035141823106183234], [1623888000000, 0.0033381960914689985], [1623974400000, 0.0033622674783097884], [1624060800000, 0.0031166219094537185], [1624147200000, 0.003004793148730283], [1624233600000, 0.0029503169157529046], [1624320000000, 0.0021067757483738906], [1624406400000, 0.0021436587574246635], [1624492800000, 0.0023770835684922224], [1624579200000, 0.0026043279682373306], [1624665600000, 0.002384956489764708], [1624752000000, 0.00239069070126015], [1624838400000, 0.0024998034903148886], [1624924800000, 0.0026024964373271998], [1625011200000, 0.0027953361000335195], [1625097600000, 0.0028079077254512023], [1625184000000, 0.0026734401929261096], [1625270400000, 0.0026860013512579693], [1625356800000, 0.002707869168605436], [1625443200000, 0.0027522521540360436], [1625494265000, 0.002671814745758084]]}"
14,"{'names': 'cardano', 'prices': [[1622937600000, 1.6590579060151422], [1623024000000, 1.6806272700500997], [1623110400000, 1.553099912971366], [1623196800000, 1.5814104630520178], [1623283200000, 1.6219127316031021], [1623369600000, 1.5319682068049147], [1623456000000, 1.4373236110221328], [1623542400000, 1.4829614857601388], [1623628800000, 1.5668237245333339], [1623715200000, 1.5744303353837603], [1623801600000, 1.5665343287257434], [1623888000000, 1.4796210209140048], [1623974400000, 1.4874866373296805], [1624060800000, 1.419139968156482], [1624147200000, 1.390227052457961], [1624233600000, 1.4346691385403145], [1624320000000, 1.1831495335156843], [1624406400000, 1.147977647629035], [1624492800000, 1.2483605486687026], [1624579200000, 1.3566973909443236], [1624665600000, 1.276922563262108], [1624752000000, 1.248080657285364], [1624838400000, 1.3425243876590351], [1624924800000, 1.3318537800819263], [1625011200000, 1.3712344901616829], [1625097600000, 1.3851628348268006], [1625184000000, 1.337624786685416], [1625270400000, 1.3950917178971345], [1625356800000, 1.4096155624434996], [1625443200000, 1.45668654476562], [1625494163000, 1.4079889491730764]]}"
15,"{'names': 'chainlink', 'prices': [[1622937600000, 27.07534259439988], [1623024000000, 27.47248657011523], [1623110400000, 24.593795126995257], [1623196800000, 24.170975215614455], [1623283200000, 25.60367593297573], [1623369600000, 23.103305130326913], [1623456000000, 21.408495833752067], [1623542400000, 21.791207076784584], [1623628800000, 23.39835966660662], [1623715200000, 24.93241830942986], [1623801600000, 24.744773126113188], [1623888000000, 23.003855774123338], [1623974400000, 23.41347364998306], [1624060800000, 21.327816835865622], [1624147200000, 20.46124107641803], [1624233600000, 21.70653115448446], [1624320000000, 17.474122113041375], [1624406400000, 16.71600887172374], [1624492800000, 18.32967603880951], [1624579200000, 19.03782142380921], [1624665600000, 17.24123295312597], [1624752000000, 16.815824419741233], [1624838400000, 18.325084606784525], [1624924800000, 18.863588310689217], [1625011200000, 19.58252931552537], [1625097600000, 19.562633797906795], [1625184000000, 18.33600371340588], [1625270400000, 18.3293454875173], [1625356800000, 18.509802402700497], [1625443200000, 19.306433874610626], [1625494461000, 18.309122034390928]]}"
16,"{'names': 'compound-coin', 'prices': [[1622937600000, 7.03608506263012e-07], [1623024000000, 3.57086988914256e-06], [1623110400000, 4.823802761745301e-07], [1623196800000, 1.5913535178540751e-06], [1623283200000, 7.11500504294718e-05], [1623369600000, 6.389960186476424e-05], [1623456000000, 4.4122780563343354e-07], [1623542400000, 2.6851937555222523e-07], [1623628800000, 6.701149906681973e-07], [1623715200000, 4.327866807312585e-07], [1623801600000, 3.6184555173156916e-07], [1623888000000, 3.472388358807923e-07], [1623974400000, 2.210775321579315e-07], [1624060800000, 2.5557904922027585e-07], [1624147200000, 2.061676681862648e-07], [1624233600000, 3.9289961015214956e-07], [1624320000000, 1.3546537069618302e-07], [1624406400000, 5.42242680377252e-05], [1624492800000, 4.996402251705178e-05], [1624579200000, 2.402945246043612e-07], [1624665600000, 6.132988031822612e-05], [1624752000000, 4.97343785275371e-05], [1624838400000, 6.25099961307717e-05], [1624924800000, 2.762031213443632e-07], [1625011200000, 6.010391949810287e-07], [1625097600000, 3.3931450397446933e-07], [1625184000000, 3.258406464964973e-07], [1625270400000, 3.32843716925455e-06], [1625356800000, 2.3592831097078163e-07], [1625443200000, 2.1941691869289172e-07], [1625477658000, 2.641642134574154e-07]]}"
17,"{'names': 'compound-governance-token', 'prices': [[1622937600000, 386.34059160277343], [1623024000000, 388.1893404141647], [1623110400000, 341.49997332686644], [1623196800000, 350.5310040051873], [1623283200000, 363.5876315117143], [1623369600000, 328.1227807383452], [1623456000000, 295.937262121799], [1623542400000, 297.872113758914], [1623628800000, 324.91411699959406], [1623715200000, 337.5213620324938], [1623801600000, 327.6989368546426], [1623888000000, 303.97517323044485], [1623974400000, 307.2619594393542], [1624060800000, 277.2826483971788], [1624147200000, 274.2219684018339], [1624233600000, 293.59102139791776], [1624320000000, 223.34246696682396], [1624406400000, 234.03461848481058], [1624492800000, 241.66939249223168], [1624579200000, 256.60132759338217], [1624665600000, 227.12102466039437], [1624752000000, 222.371022518885], [1624838400000, 256.9315614588832], [1624924800000, 310.8152420314938], [1625011200000, 310.445411441092], [1625097600000, 334.4914361016505], [1625184000000, 334.7312850819811], [1625270400000, 364.458837994667], [1625356800000, 378.7071051777816], [1625443200000, 444.8592594713272], [1625494194000, 425.5819597180865]]}"
18,"{'names': 'cosmos', 'prices': [[1622937600000, 14.915914495609627], [1623024000000, 15.120116429867988], [1623110400000, 13.377394334989548], [1623196800000, 13.56808648545366], [1623283200000, 13.989588737729592], [1623369600000, 12.824259742824596], [1623456000000, 11.813532973466879], [1623542400000, 11.63022422057147], [1623628800000, 12.579266623778347], [1623715200000, 13.292871325998368], [1623801600000, 13.046832286919102], [1623888000000, 13.259594112294822], [1623974400000, 13.593814481435691], [1624060800000, 12.478050085899268], [1624147200000, 11.911410550212025], [1624233600000, 12.011719588703164], [1624320000000, 9.683957717807186], [1624406400000, 8.918121897705955], [1624492800000, 9.638009488468414], [1624579200000, 10.310888157500553], [1624665600000, 9.350326374337717], [1624752000000, 9.465741510130886], [1624838400000, 10.001176618911206], [1624924800000, 10.89154726855281], [1625011200000, 11.609672231868801], [1625097600000, 12.032506362796449], [1625184000000, 11.226299734254928], [1625270400000, 11.717782727035473], [1625356800000, 11.796158673646879], [1625443200000, 12.220889854921232], [1625494497000, 13.06137275459907]]}"
19,"{'names': 'curve-dao-token', 'prices': [[1622937600000, 2.5178572194580737], [1623024000000, 2.4501919518140496], [1623110400000, 2.13118371525893], [1623196800000, 2.3506628616034893], [1623283200000, 2.5202484919381996], [1623369600000, 2.266358066968854], [1623456000000, 2.1590420369897765], [1623542400000, 2.0995114099354293], [1623628800000, 2.2095141627255], [1623715200000, 2.2770471638249448], [1623801600000, 2.257998932575175], [1623888000000, 2.0576793369738127], [1623974400000, 2.0969665003219427], [1624060800000, 1.913552375154139], [1624147200000, 1.869591277225082], [1624233600000, 1.9241430947383924], [1624320000000, 1.4655100787127597], [1624406400000, 1.3933613025518392], [1624492800000, 1.5064572679104926], [1624579200000, 1.6706506302849842], [1624665600000, 1.4759106047669412], [1624752000000, 1.479399273672191], [1624838400000, 1.5921932681281978], [1624924800000, 1.6128414690415909], [1625011200000, 1.7895586655216529], [1625097600000, 1.824473669204436], [1625184000000, 1.7120184776987741], [1625270400000, 1.6634318336140834], [1625356800000, 1.7628137502653614], [1625443200000, 1.8434422570567466], [1625494954000, 1.7566402152735214]]}"
20,"{'names': 'dash', 'prices': [[1622937600000, 183.6326678089441], [1623024000000, 185.16629532315307], [1623110400000, 170.4685584135466], [1623196800000, 166.50505095108522], [1623283200000, 176.5385384745324], [1623369600000, 170.23837223797491], [1623456000000, 165.74012955309934], [1623542400000, 164.1263083211117], [1623628800000, 172.80977215238104], [1623715200000, 177.9017415333299], [1623801600000, 173.18793338336917], [1623888000000, 164.0722180841754], [1623974400000, 164.4223709579036], [1624060800000, 155.70267830478454], [1624147200000, 151.8911027187496], [1624233600000, 153.52520249254832], [1624320000000, 125.07021062341451], [1624406400000, 118.56618256607479], [1624492800000, 127.45424848592847], [1624579200000, 130.91463181687143], [1624665600000, 122.46626983403381], [1624752000000, 123.93812071963214], [1624838400000, 127.39053718217036], [1624924800000, 132.1206762521002], [1625011200000, 139.936332700478], [1625097600000, 146.4132677764674], [1625184000000, 139.41927470116767], [1625270400000, 135.8278535925402], [1625356800000, 138.35571348767655], [1625443200000, 140.93852493738652], [1625495294000, 132.69864129271986]]}"
21,"{'names': 'digibyte', 'prices': [[1622937600000, 0.06478659985349002], [1623024000000, 0.06576599024983919], [1623110400000, 0.0602791402048928], [1623196800000, 0.062445671243496426], [1623283200000, 0.06568448700065234], [1623369600000, 0.06047659471266756], [1623456000000, 0.05646151936361178], [1623542400000, 0.05366222100445424], [1623628800000, 0.05796507528214829], [1623715200000, 0.05906375648449853], [1623801600000, 0.05841581710997243], [1623888000000, 0.05511335979225279], [1623974400000, 0.05570877399391075], [1624060800000, 0.05051652310113679], [1624147200000, 0.04933447999303092], [1624233600000, 0.04985737557890928], [1624320000000, 0.03862027681992947], [1624406400000, 0.03880353326345145], [1624492800000, 0.043574467044989046], [1624579200000, 0.0445896922093618], [1624665600000, 0.04067039873770753], [1624752000000, 0.041591479106411366], [1624838400000, 0.0427195272464904], [1624924800000, 0.04402608701545124], [1625011200000, 0.04726440425073724], [1625097600000, 0.04852356016166007], [1625184000000, 0.04509058605261113], [1625270400000, 0.04481589739415658], [1625356800000, 0.045245192247063366], [1625443200000, 0.04611085032399459], [1625495226000, 0.04395701677211617]]}"
22,"{'names': 'dogecoin', 'prices': [[1622937600000, 0.3729061136102179], [1623024000000, 0.3724993083024053], [1623110400000, 0.3330767971371332], [1623196800000, 0.3274420365070619], [1623283200000, 0.3445023012056359], [1623369600000, 0.32943008519996586], [1623456000000, 0.31705930039061275], [1623542400000, 0.3130711501116811], [1623628800000, 0.3250404409034479], [1623715200000, 0.3280034902021605], [1623801600000, 0.32160076288906253], [1623888000000, 0.30726067027219334], [1623974400000, 0.30764846409599467], [1624060800000, 0.29323744158739345], [1624147200000, 0.28783491462708616], [1624233600000, 0.28254658437476066], [1624320000000, 0.17715883486567646], [1624406400000, 0.1894570083121522], [1624492800000, 0.23676340201854273], [1624579200000, 0.2640128440573848], [1624665600000, 0.24341268398407473], [1624752000000, 0.24178915548454333], [1624838400000, 0.2618781185818848], [1624924800000, 0.2575669823049822], [1625011200000, 0.2634824431285276], [1625097600000, 0.25363032656943557], [1625184000000, 0.24575822428299834], [1625270400000, 0.24555024758266356], [1625356800000, 0.24719114889381266], [1625443200000, 0.24679579138088917], [1625493696000, 0.2348140169416485]]}"
23,"{'names': 'eos', 'prices': [[1622937600000, 5.7819785510977875], [1623024000000, 5.84752323777929], [1623110400000, 5.130633868729986], [1623196800000, 5.068420507790797], [1623283200000, 5.312364100927349], [1623369600000, 5.082528074638457], [1623456000000, 4.9074980036228535], [1623542400000, 4.84583925752092], [1623628800000, 5.099064712474194], [1623715200000, 5.305561655463218], [1623801600000, 5.224865723003856], [1623888000000, 4.86376034268851], [1623974400000, 4.86148063960372], [1624060800000, 4.572602707555563], [1624147200000, 4.48460522013667], [1624233600000, 4.528238834742058], [1624320000000, 3.554920552436674], [1624406400000, 3.3920976652527175], [1624492800000, 3.649907214452457], [1624579200000, 3.9016051680678285], [1624665600000, 3.6052881855183223], [1624752000000, 3.5274501982994018], [1624838400000, 3.770360354182949], [1624924800000, 3.8595037509175203], [1625011200000, 4.133998353467888], [1625097600000, 4.131689480307947], [1625184000000, 3.961676349116694], [1625270400000, 3.939470221770436], [1625356800000, 4.054075538422269], [1625443200000, 4.085927601609924], [1625495092000, 3.8520318747141347]]}"
24,"{'names': 'ethereum', 'prices': [[1622937600000, 2624.7689150594238], [1623024000000, 2711.5479390111605], [1623110400000, 2580.5355800598445], [1623196800000, 2528.022300878691], [1623283200000, 2620.6253893038547], [1623369600000, 2486.600068788676], [1623456000000, 2356.6347741896757], [1623542400000, 2379.991747950219], [1623628800000, 2517.771695525423], [1623715200000, 2587.381610979154], [1623801600000, 2561.1883309320033], [1623888000000, 2365.872786190649], [1623974400000, 2380.744519633922], [1624060800000, 2231.554315497782], [1624147200000, 2176.308536317709], [1624233600000, 2251.5605593660407], [1624320000000, 1900.1222998935382], [1624406400000, 1875.3576944712033], [1624492800000, 1971.1059779809414], [1624579200000, 1990.0761511910587], [1624665600000, 1833.4631609981645], [1624752000000, 1817.047665540675], [1624838400000, 1973.9268648383472], [1624924800000, 2087.5187237874175], [1625011200000, 2169.400067865984], [1625097600000, 2279.354161419647], [1625184000000, 2121.657900633364], [1625270400000, 2157.880584866453], [1625356800000, 2228.532398568573], [1625443200000, 2329.004750998825], [1625493657000, 2237.270488970297]]}"
25,"{'names': 'ethereum-classic', 'prices': [[1622937600000, 63.04388771797989], [1623024000000, 64.0322070225629], [1623110400000, 57.41619086734786], [1623196800000, 57.0117785099762], [1623283200000, 62.414815328790965], [1623369600000, 57.998339339127284], [1623456000000, 56.66217228511714], [1623542400000, 55.24607330279932], [1623628800000, 59.10452265230379], [1623715200000, 59.50354155360118], [1623801600000, 58.64318699554742], [1623888000000, 55.33239616775975], [1623974400000, 55.73281004686601], [1624060800000, 52.798077504238236], [1624147200000, 51.165789085039], [1624233600000, 51.043028483441105], [1624320000000, 40.13511003423768], [1624406400000, 36.46281626393263], [1624492800000, 40.8180350873498], [1624579200000, 43.2197730353827], [1624665600000, 40.05195609056269], [1624752000000, 40.12924735240528], [1624838400000, 42.22458965109282], [1624924800000, 43.413707897861464], [1625011200000, 56.37983831508965], [1625097600000, 58.09818691534528], [1625184000000, 53.5349158983163], [1625270400000, 53.701281594005636], [1625356800000, 56.971069030238304], [1625443200000, 56.76882507201464], [1625493922000, 54.35966502641146]]}"
26,"{'names': 'ftx-token', 'prices': [[1622937600000, 33.38127126352737], [1623024000000, 33.83810303891091], [1623110400000, 31.68545513493835], [1623196800000, 31.164280517886308], [1623283200000, 33.70438530604383], [1623369600000, 32.60708711720902], [1623456000000, 31.532080734501296], [1623542400000, 30.713094337900163], [1623628800000, 32.937448843391905], [1623715200000, 34.15009699858428], [1623801600000, 33.964062510384956], [1623888000000, 31.824251692717517], [1623974400000, 32.167019940957545], [1624060800000, 29.720810558926672], [1624147200000, 29.52558009891472], [1624233600000, 29.963038135556662], [1624320000000, 25.179624721762472], [1624406400000, 24.85476228407201], [1624492800000, 26.345406242510293], [1624579200000, 26.279491349036], [1624665600000, 23.582659545530063], [1624752000000, 22.57165426072125], [1624838400000, 24.516540661758278], [1624924800000, 25.53494431434899], [1625011200000, 26.92734077847941], [1625097600000, 27.58428847966956], [1625184000000, 26.34830996682131], [1625270400000, 27.360615532543445], [1625356800000, 28.052244991438414], [1625443200000, 27.517206377142788], [1625495291000, 25.860558033539327]]}"
27,"{'names': 'golden-ratio-token', 'prices': [[1622937600000, 0.45906505199024294], [1623024000000, 0.8879164664618707], [1623110400000, 0.8074658557086213], [1623196800000, 0.8074658557086213], [1623283200000, 0.8074658557086213], [1623369600000, 4.2257968318722146], [1623456000000, 4.197876417616804], [1623542400000, 0.7983223548799474], [1623628800000, 0.7983223548799474], [1623715200000, 0.7947333064188001], [1623801600000, 0.8034519235011092], [1623888000000, 0.8042634354801281], [1624060800000, 0.5589093582083793], [1624147200000, 0.5589093582083793], [1624233600000, 0.527638403804596], [1624320000000, 0.527638403804596], [1624406400000, 0.6026586918335175], [1624492800000, 2.2311709268900235], [1624579200000, 3.8530093227575253], [1624665600000, 2.9828546472298485], [1624752000000, 1.5292199136533038], [1624838400000, 1.3764102196135137], [1624924800000, 1.4916624448937177], [1625011200000, 1.4846629336998076], [1625097600000, 1.4499336850455509], [1625443200000, 1.4560020300394387], [1625491253000, 1.4138468797888049]]}"
28,"{'names': 'harmony', 'prices': [[1622937600000, 0.09205856982446867], [1623024000000, 0.09616070280515397], [1623110400000, 0.08644895852936356], [1623196800000, 0.0862900597190715], [1623283200000, 0.09052073389815243], [1623369600000, 0.08248966404958068], [1623456000000, 0.07797075322826984], [1623542400000, 0.07739175834503767], [1623628800000, 0.08264944426960481], [1623715200000, 0.08329726341979138], [1623801600000, 0.08416730898501015], [1623888000000, 0.0804967740556919], [1623974400000, 0.08035136977521383], [1624060800000, 0.0738070423932694], [1624147200000, 0.0719312938565609], [1624233600000, 0.07298747511773145], [1624320000000, 0.0571311340211005], [1624406400000, 0.05180416021239685], [1624492800000, 0.059516244054062445], [1624579200000, 0.060454906309388316], [1624665600000, 0.056339443610296504], [1624752000000, 0.05853115532595056], [1624838400000, 0.06800028317828362], [1624924800000, 0.06547134589375148], [1625011200000, 0.06587069506410687], [1625097600000, 0.06717763776951488], [1625184000000, 0.06352057129262259], [1625270400000, 0.06298647897069927], [1625356800000, 0.06455198870921959], [1625443200000, 0.06689103550963145], [1625495236000, 0.06442795630709497]]}"
29,"{'names': 'havven', 'prices': [[1622937600000, 11.621267684688501], [1623024000000, 11.894004265212498], [1623110400000, 10.790968641741665], [1623196800000, 10.482852677515663], [1623283200000, 10.901016818737341], [1623369600000, 9.928708837328697], [1623456000000, 8.648420020982396], [1623542400000, 8.48327867071867], [1623628800000, 9.16416996454966], [1623715200000, 10.007689398090678], [1623801600000, 9.771544399759465], [1623888000000, 8.985451809704324], [1623974400000, 9.028041295635864], [1624060800000, 8.339018133919565], [1624147200000, 8.127865662991393], [1624233600000, 8.497459038951117], [1624320000000, 6.642096094427087], [1624406400000, 6.31612357147171], [1624492800000, 6.645370112382595], [1624579200000, 6.599150561831314], [1624665600000, 5.921795940159291], [1624752000000, 5.913820648154095], [1624838400000, 6.360649231205318], [1624924800000, 7.0670446427403455], [1625011200000, 7.213605263594389], [1625097600000, 7.332139341222016], [1625184000000, 6.894710790466355], [1625270400000, 6.908779301200554], [1625356800000, 7.294116066742054], [1625443200000, 8.57400633669183], [1625494190000, 9.30900303536111]]}"
30,"{'names': 'klay-token', 'prices': [[1622937600000, 1.2402344344893346], [1623024000000, 1.2616939294470901], [1623110400000, 1.10063137402214], [1623196800000, 1.0450689150188945], [1623283200000, 1.1620167984532748], [1623369600000, 1.0573244302891525], [1623456000000, 1.0110853820044285], [1623542400000, 0.9717190201093353], [1623628800000, 1.0246301579399875], [1623715200000, 1.0829393634498283], [1623801600000, 1.2844001669544531], [1623888000000, 1.1718306998965538], [1623974400000, 1.1108319570040484], [1624060800000, 1.085711449860894], [1624147200000, 1.0260113112738605], [1624233600000, 0.9960018489995794], [1624320000000, 0.823312428221409], [1624406400000, 0.7955423555576434], [1624492800000, 0.8996083870376624], [1624579200000, 1.1140599682048065], [1624665600000, 0.9644883749455342], [1624752000000, 0.9629233961282531], [1624838400000, 1.0107008953034868], [1624924800000, 1.0234874841212493], [1625011200000, 1.0472523839362151], [1625097600000, 1.021575504976473], [1625184000000, 0.981691439301312], [1625270400000, 0.9792139036167747], [1625356800000, 1.0134699329884107], [1625443200000, 1.021203097950799], [1625493699000, 1.0587283937954628]]}"
31,"{'names': 'litecoin', 'prices': [[1622937600000, 172.8465357041407], [1623024000000, 176.25219239541119], [1623110400000, 160.83800409113186], [1623196800000, 161.01685097358848], [1623283200000, 172.68540133195464], [1623369600000, 168.00072493291285], [1623456000000, 162.4583570397106], [1623542400000, 162.0647476247141], [1623628800000, 171.35388638497415], [1623715200000, 179.4399153620851], [1623801600000, 175.94146679833224], [1623888000000, 165.46280612733372], [1623974400000, 166.9457542673816], [1624060800000, 156.0924291679616], [1624147200000, 153.16409426458608], [1624233600000, 155.13342643666627], [1624320000000, 125.99259118847003], [1624406400000, 119.10841716268864], [1624492800000, 128.8574341691629], [1624579200000, 134.2903570787059], [1624665600000, 127.62928822114783], [1624752000000, 125.78401171528697], [1624838400000, 131.98895668696483], [1624924800000, 137.79527695877204], [1625011200000, 144.07760228365188], [1625097600000, 144.40196945117387], [1625184000000, 138.13808637459368], [1625270400000, 137.5266046447976], [1625356800000, 140.31079503828755], [1625443200000, 145.48302674896732], [1625494563000, 137.40699800071133]]}"
32,"{'names': 'mandala-exchange-token', 'prices': [[1622937600000, 0.12693294402529048], [1623024000000, 0.11399146270487898], [1623110400000, 0.10874785155177089], [1623196800000, 0.10634531845808867], [1623283200000, 0.12010421673192918], [1623369600000, 0.10219882500383012], [1623456000000, 0.12187529567127708], [1623542400000, 0.1044551248609928], [1623628800000, 0.10527534408463442], [1623715200000, 0.09883607922443009], [1623801600000, 0.08613748695010633], [1623888000000, 0.10394475535502072], [1623974400000, 0.1023277581450114], [1624060800000, 0.10984857857740359], [1624147200000, 0.10087496778495704], [1624233600000, 0.11257918723387078], [1624320000000, 0.08747390174055762], [1624406400000, 0.08410035823070862], [1624492800000, 0.09157044932365259], [1624579200000, 0.09484903674185517], [1624665600000, 0.08651636197636654], [1624752000000, 0.0815270287314688], [1624838400000, 0.08969831172790041], [1624924800000, 0.08530497978615338], [1625011200000, 0.08534710755728922], [1625097600000, 0.0900176943847142], [1625184000000, 0.08194467135048257], [1625270400000, 0.08156082677533948], [1625356800000, 0.09655975514917775], [1625443200000, 0.09061764539861554], [1625494061000, 0.07933177669194652]]}"
33,"{'names': 'matic-network', 'prices': [[1622937600000, 1.5228001820666366], [1623024000000, 1.5791349919276858], [1623110400000, 1.4767238926172215], [1623196800000, 1.4847872663702508], [1623283200000, 1.5000433477493855], [1623369600000, 1.3639399984727163], [1623456000000, 1.2514829691864602], [1623542400000, 1.3496685354488898], [1623628800000, 1.4716437917918255], [1623715200000, 1.5488047347428302], [1623801600000, 1.6410342718604691], [1623888000000, 1.4731862253224228], [1623974400000, 1.508973001754562], [1624060800000, 1.378275296130996], [1624147200000, 1.3605233337656883], [1624233600000, 1.4002466497178738], [1624320000000, 1.099956154135801], [1624406400000, 1.0709890189890185], [1624492800000, 1.1758463602123723], [1624579200000, 1.202553773471919], [1624665600000, 1.0532136995590675], [1624752000000, 1.0620450576168892], [1624838400000, 1.1081352857924678], [1624924800000, 1.1264268348819002], [1625011200000, 1.1747864213810202], [1625097600000, 1.1634901892536005], [1625184000000, 1.0807201863761187], [1625270400000, 1.107611138196442], [1625356800000, 1.1158950657247686], [1625443200000, 1.1483834436861906], [1625494978000, 1.1159666326032778]]}"
34,"{'names': 'mdex', 'prices': [[1622937600000, 2.236207052602798], [1623024000000, 2.1388127011169034], [1623110400000, 2.074104383523483], [1623196800000, 2.062020348899494], [1623283200000, 2.1698521262348174], [1623369600000, 2.016767831911755], [1623456000000, 2.011488389319703], [1623542400000, 1.9314710903962935], [1623628800000, 1.9823365357546123], [1623715200000, 2.006189784945661], [1623801600000, 2.0011653011399204], [1623888000000, 1.963101287941936], [1623974400000, 2.0510458880999], [1624060800000, 2.003412366789699], [1624147200000, 2.062909677354843], [1624233600000, 2.062900831173433], [1624320000000, 1.6544844234409821], [1624406400000, 1.5998113180844014], [1624492800000, 1.6769161634478078], [1624579200000, 1.6662715501103218], [1624665600000, 1.5682795818854296], [1624752000000, 1.5358268336516068], [1624838400000, 1.6106490640570963], [1624924800000, 1.5834836971924726], [1625011200000, 1.6348346409078351], [1625097600000, 1.6788857120623177], [1625184000000, 1.6519444699233796], [1625270400000, 1.6475759395564857], [1625356800000, 1.6671332213084389], [1625443200000, 1.6726005814487566], [1625495169000, 1.645449977697591]]}"
35,"{'names': 'menlo-one', 'prices': [[1622937600000, 0.0041755223116685565], [1623024000000, 0.004229935531220581], [1623110400000, 0.006634900871441945], [1623196800000, 0.004249453576394107], [1623283200000, 0.004308161062533349], [1623369600000, 0.00400326300772772], [1623456000000, 0.004105998670538312], [1623542400000, 0.04353679760193343], [1623628800000, 0.004447600328046811], [1623715200000, 0.005107916030005908], [1623801600000, 0.004617354506467599], [1623888000000, 0.003935203465658047], [1623974400000, 0.004092039274999832], [1624060800000, 0.003782977839064354], [1624147200000, 0.003977037211845577], [1624233600000, 0.003988923839060972], [1624320000000, 0.0030009335050592304], [1624406400000, 0.0029441716120519783], [1624492800000, 0.0030198790826289554], [1624579200000, 0.002935084905666914], [1624665600000, 0.0040468000462979496], [1624752000000, 0.004151269715533727], [1624838400000, 0.003968167943089057], [1624924800000, 0.003516003234869254], [1625011200000, 0.0499272183498878], [1625097600000, 0.004765944990658268], [1625184000000, 0.0052312734140800505], [1625270400000, 0.004962938973013513], [1625356800000, 0.0048262718108489115], [1625443200000, 0.0049549125727110024], [1625491534000, 0.005022861490154448]]}"
36,"{'names': 'neo', 'prices': [[1622937600000, 55.61556407902487], [1623024000000, 56.56635538162254], [1623110400000, 50.753947149382995], [1623196800000, 49.082159572877885], [1623283200000, 51.210432937557165], [1623369600000, 50.55548928988273], [1623456000000, 47.35591522418486], [1623542400000, 46.41195446683678], [1623628800000, 49.34901479304284], [1623715200000, 50.87798773851121], [1623801600000, 50.31677128931868], [1623888000000, 48.39991171745882], [1623974400000, 48.69653895146341], [1624060800000, 45.407335900521915], [1624147200000, 44.56274560975031], [1624233600000, 44.89318331724131], [1624320000000, 32.310286430553916], [1624406400000, 29.934070576346176], [1624492800000, 33.386769320538576], [1624579200000, 34.88695889887413], [1624665600000, 31.758350545877597], [1624752000000, 30.876032963790053], [1624838400000, 31.846444347202063], [1624924800000, 33.287875280506974], [1625011200000, 35.083139371867524], [1625097600000, 36.699320167722924], [1625184000000, 34.38454957133033], [1625270400000, 35.498655352042924], [1625356800000, 36.311750390113765], [1625443200000, 37.58841732570377], [1625495301000, 35.924109063612065]]}"
37,"{'names': 'okb', 'prices': [[1622937600000, 16.2210862849937], [1623024000000, 16.23037419596198], [1623110400000, 14.679988552106309], [1623196800000, 14.373313305767233], [1623283200000, 14.832944842049049], [1623369600000, 14.286776078974494], [1623456000000, 13.905923339745925], [1623542400000, 13.222199421253288], [1623628800000, 13.957430180828803], [1623715200000, 14.697987301432274], [1623801600000, 14.667555898015873], [1623888000000, 13.441468201286927], [1623974400000, 13.298748202372042], [1624060800000, 12.999607050521679], [1624147200000, 12.559169202771425], [1624233600000, 12.662877273748927], [1624320000000, 10.341863146184675], [1624406400000, 9.062039129994012], [1624492800000, 9.911927680390756], [1624579200000, 10.492085416300899], [1624665600000, 9.847504475221392], [1624752000000, 9.580866179462792], [1624838400000, 9.918825319020547], [1624924800000, 10.41467308809329], [1625011200000, 10.80218482484866], [1625097600000, 11.015604440702344], [1625184000000, 10.522540024656863], [1625270400000, 10.408147411869681], [1625356800000, 10.662750834896533], [1625443200000, 10.776004501170979], [1625494091000, 10.312379861857684]]}"
38,"{'names': 'one', 'prices': [[1622937600000, 0.002410535808637236], [1623024000000, 0.0023527321373985497], [1623110400000, 0.0023478821743560816], [1623196800000, 0.0024370556857054564], [1623283200000, 0.002395777255019295], [1623369600000, 0.002355015739079922], [1623456000000, 0.002334443246548669], [1623542400000, 0.002258580558669737], [1623628800000, 0.002289749609485572], [1623715200000, 0.002167900185316383], [1623801600000, 0.0022345545514396137], [1623888000000, 0.0022158047297835917], [1623974400000, 0.002211547685352574], [1624060800000, 0.0021576923253311003], [1624147200000, 0.0021696146572775282], [1624233600000, 0.0022011236151568835], [1624320000000, 0.0019101411666319543], [1624406400000, 0.0016741529115067268], [1624492800000, 0.0016670857494115881], [1624579200000, 0.0016326644768825669], [1624665600000, 0.0016004475193503894], [1624752000000, 0.0015755491551293502], [1624838400000, 0.0015898636995977443], [1624924800000, 0.0015883068344101636], [1625011200000, 0.001588232575497295], [1625097600000, 0.0016073119909883638], [1625184000000, 0.001538108612632619], [1625270400000, 0.0015668923365456111], [1625356800000, 0.0015659466507670404], [1625443200000, 0.0015677903387708147], [1625492924000, 0.0015471435592990617]]}"
39,"{'names': 'one-hundred-coin-2', 'prices': [[1622937600000, 0.0001073633226316182], [1623024000000, 0.0002146739973565836], [1623110400000, 0.000167804302365647], [1623196800000, 0.000167766009162921], [1623283200000, 0.000187607621009368], [1623369600000, 0.0001841285403054025], [1623456000000, 0.0002965000862026536], [1623542400000, 0.0002159361588515184], [1623628800000, 0.0002343794037881082], [1623715200000, 0.000196370856692539], [1623801600000, 0.00020180317146919], [1623888000000, 0.0002295222784491006], [1623974400000, 0.000194723845848337], [1624060800000, 0.0002127990168968088], [1624147200000, 0.0002154411699131412], [1624233600000, 0.0002503366139710597], [1624320000000, 0.0001915217696388228], [1624406400000, 0.0002284974949119947], [1624492800000, 0.000200433621274725], [1624579200000, 0.0002784042455323088], [1624665600000, 0.0002852311219343253], [1624752000000, 0.0002207301003539996], [1624838400000, 0.0002992582696578462], [1624924800000, 0.0002064695425983078], [1625011200000, 0.0002167549327924746], [1625097600000, 0.0002106258414439032], [1625184000000, 0.0002021010002206458], [1625270400000, 0.000435913686406042], [1625356800000, 0.0002414669045541949], [1625443200000, 0.000529907765648814], [1625489803000, 0.0002689643052287952]]}"
40,"{'names': 'one-token', 'prices': [[1623542400000, 0.10152549688387047], [1623628800000, 0.10152549688387047], [1623715200000, 0.10667184795865814], [1623801600000, 0.08954103977712195], [1623888000000, 0.07820695968850129], [1623974400000, 0.06257903407768695], [1624060800000, 0.061353783360817066], [1624147200000, 0.07217115350428306], [1624233600000, 0.06683893531357234], [1624320000000, 0.04190929554931381], [1624406400000, 0.03366480301023221], [1624492800000, 0.03633494108703014], [1624579200000, 0.017070467507843766], [1624665600000, 0.007270300683479622], [1624752000000, 4.383658243767733e-09], [1624838400000, 4.383658243767733e-09], [1624924800000, 4.383658243767733e-09], [1625011200000, 4.383658243767733e-09], [1625097600000, 4.383658243767733e-09], [1625184000000, 4.383658243767733e-09], [1625270400000, 4.383658243767733e-09], [1625356800000, 4.383658243767733e-09], [1625443200000, 4.383658243767733e-09], [1625492828000, 4.383658243767733e-09]]}"
41,"{'names': 'ontology', 'prices': [[1622937600000, 1.0594047289809847], [1623024000000, 1.102457576684364], [1623110400000, 0.981262362213687], [1623196800000, 0.9677878060218577], [1623283200000, 1.003215243017296], [1623369600000, 0.9725575370646041], [1623456000000, 0.9227999611385777], [1623542400000, 0.8994546135112476], [1623628800000, 0.9565025849216174], [1623715200000, 0.969680854521925], [1623801600000, 0.9631477539955511], [1623888000000, 0.9127448164523273], [1623974400000, 0.909322021935254], [1624060800000, 0.855601381483612], [1624147200000, 0.8368769441607926], [1624233600000, 0.832754908321596], [1624320000000, 0.6331614816681831], [1624406400000, 0.5790811635066128], [1624492800000, 0.6231186051382396], [1624579200000, 0.6607968211340616], [1624665600000, 0.6108659831218441], [1624752000000, 0.6075742836351361], [1624838400000, 0.6309554213059166], [1624924800000, 0.6539839896390676], [1625011200000, 0.7166371840892162], [1625097600000, 0.7459580735880399], [1625184000000, 0.7074341018208525], [1625270400000, 0.7069895300665391], [1625356800000, 0.7081661514689417], [1625443200000, 0.7240615953779455], [1625494142000, 0.6957399623242222]]}"
42,"{'names': 'pancakeswap-token', 'prices': [[1622937600000, 18.820417324554658], [1623024000000, 18.8374058714291], [1623110400000, 17.18556137786176], [1623196800000, 17.06691995985911], [1623283200000, 18.45045865044608], [1623369600000, 16.828119497110492], [1623456000000, 15.94106811642875], [1623542400000, 15.748368117421625], [1623628800000, 16.8799205363959], [1623715200000, 17.358582162180777], [1623801600000, 17.33764191550939], [1623888000000, 15.983527439537424], [1623974400000, 16.19647231163327], [1624060800000, 15.587985710942093], [1624147200000, 15.454373659432745], [1624233600000, 16.077224948610404], [1624320000000, 12.468768321694794], [1624406400000, 12.053962594235376], [1624492800000, 13.623115822443058], [1624579200000, 13.854863536068988], [1624665600000, 12.359685014666848], [1624752000000, 12.154089769863234], [1624838400000, 12.889357096292507], [1624924800000, 13.34352991781796], [1625011200000, 13.893797737853479], [1625097600000, 13.849699838778994], [1625184000000, 12.92383526133168], [1625270400000, 13.03845116310431], [1625356800000, 13.624098661621408], [1625443200000, 14.192359103226512], [1625495376000, 13.668574427566554]]}"
43,"{'names': 'polkadot', 'prices': [[1622937600000, 23.815643608975247], [1623024000000, 24.145890051847427], [1623110400000, 21.39739256988473], [1623196800000, 21.865193511951766], [1623283200000, 23.196555046160704], [1623369600000, 22.680029341910497], [1623456000000, 21.056524698640047], [1623542400000, 20.847240009628234], [1623628800000, 22.088991123662673], [1623715200000, 25.93495744173237], [1623801600000, 24.11981873706437], [1623888000000, 22.83454099821231], [1623974400000, 22.554291981739443], [1624060800000, 21.455255969499717], [1624147200000, 20.382325917766163], [1624233600000, 20.744845672595986], [1624320000000, 15.781535531442344], [1624406400000, 14.627751874192958], [1624492800000, 15.861423175287621], [1624579200000, 16.262421022046162], [1624665600000, 14.747592275574856], [1624752000000, 14.41927250471979], [1624838400000, 14.976084280991744], [1624924800000, 15.775887722002627], [1625011200000, 16.279041729818577], [1625097600000, 16.412002192338434], [1625184000000, 15.281224095869002], [1625270400000, 15.342281439549721], [1625356800000, 15.507857021418484], [1625443200000, 16.029758819607352], [1625494449000, 15.115934613323525]]}"
44,"{'names': 'qtum', 'prices': [[1622937600000, 10.916481077847743], [1623024000000, 11.083262157602721], [1623110400000, 9.65353787082686], [1623196800000, 9.44982275238958], [1623283200000, 9.919588495035283], [1623369600000, 9.71059964120642], [1623456000000, 9.049695426474333], [1623542400000, 8.616345219891176], [1623628800000, 9.248172484624666], [1623715200000, 9.470552737445736], [1623801600000, 9.315807952738183], [1623888000000, 8.661869540613877], [1623974400000, 8.64290503828057], [1624060800000, 8.046286633612889], [1624147200000, 7.7096642743156485], [1624233600000, 7.56452142743376], [1624320000000, 5.548702279360281], [1624406400000, 4.961063804674067], [1624492800000, 5.87001932966427], [1624579200000, 6.17304658651214], [1624665600000, 5.642824215756961], [1624752000000, 5.779318025449501], [1624838400000, 6.157633840631567], [1624924800000, 6.324379881070158], [1625011200000, 7.534074269086105], [1625097600000, 7.6882044632109], [1625184000000, 7.130507424029249], [1625270400000, 7.095764032270855], [1625356800000, 7.197593955885352], [1625443200000, 7.446760826643236], [1625493726000, 7.018988432845215]]}"
45,"{'names': 'ripple', 'prices': [[1622937600000, 0.9233783109950389], [1623024000000, 0.941945875377369], [1623110400000, 0.8545223211275653], [1623196800000, 0.8757601965321159], [1623283200000, 0.911214403091132], [1623369600000, 0.8748163077058673], [1623456000000, 0.8471675674249741], [1623542400000, 0.8350156355659321], [1623628800000, 0.8860264997320967], [1623715200000, 0.8928141249740629], [1623801600000, 0.872464326158809], [1623888000000, 0.8358306490753268], [1623974400000, 0.8448349081677214], [1624060800000, 0.7983270674267462], [1624147200000, 0.761459550633087], [1624233600000, 0.7770463247906351], [1624320000000, 0.6186567449822078], [1624406400000, 0.5517693616839368], [1624492800000, 0.6426176789007471], [1624579200000, 0.6716012213547248], [1624665600000, 0.620105198108627], [1624752000000, 0.611711687348678], [1624838400000, 0.6507132008769695], [1624924800000, 0.6488563939917608], [1625011200000, 0.706366183889607], [1625097600000, 0.6996532766642078], [1625184000000, 0.6638724587724228], [1625270400000, 0.6546725767914099], [1625356800000, 0.6747676923040596], [1625443200000, 0.6968995104043215], [1625494719000, 0.6633894618769052]]}"
46,"{'names': 'stellar', 'prices': [[1622937600000, 0.37685210586049955], [1623024000000, 0.3824588369019648], [1623110400000, 0.3445171339891366], [1623196800000, 0.3518628588215955], [1623283200000, 0.3639689739692573], [1623369600000, 0.340710761601129], [1623456000000, 0.3205569601003322], [1623542400000, 0.3290226936869914], [1623628800000, 0.34587530976439906], [1623715200000, 0.34557478507856], [1623801600000, 0.33630076669541376], [1623888000000, 0.31793833377615394], [1623974400000, 0.31900361114473735], [1624060800000, 0.2998489500858057], [1624147200000, 0.29219252895106496], [1624233600000, 0.29943728447459], [1624320000000, 0.23897040087038737], [1624406400000, 0.23350689719407736], [1624492800000, 0.2560470946092777], [1624579200000, 0.267954781746395], [1624665600000, 0.24664093263856726], [1624752000000, 0.24956823236846665], [1624838400000, 0.259239947191186], [1624924800000, 0.26552464766891803], [1625011200000, 0.28139066454364325], [1625097600000, 0.2826096788980758], [1625184000000, 0.27109467222005834], [1625270400000, 0.26534691025313994], [1625356800000, 0.26595702691704975], [1625443200000, 0.2694313753899033], [1625494511000, 0.25699100290256466]]}"
47,"{'names': 'sushi', 'prices': [[1622937600000, 11.542438822379115], [1623024000000, 11.52307069357063], [1623110400000, 10.209110042637464], [1623196800000, 10.178104594208456], [1623283200000, 10.48435920035374], [1623369600000, 9.40944497006962], [1623456000000, 8.53999945218161], [1623542400000, 7.888348188778668], [1623628800000, 8.704673535689059], [1623715200000, 9.25710841924183], [1623801600000, 9.161508623360897], [1623888000000, 8.452564479457255], [1623974400000, 8.470628440141686], [1624060800000, 7.814085944847435], [1624147200000, 7.5140248383057076], [1624233600000, 8.463071160973518], [1624320000000, 6.634067975805188], [1624406400000, 6.789294579770427], [1624492800000, 7.054258301290857], [1624579200000, 7.051861765852208], [1624665600000, 6.397658122604934], [1624752000000, 6.7772414601744755], [1624838400000, 7.11465282766986], [1624924800000, 7.592740471291785], [1625011200000, 7.93181344237898], [1625097600000, 8.15824121070326], [1625184000000, 7.460789308961763], [1625270400000, 7.440228380591624], [1625356800000, 7.621088090346176], [1625443200000, 7.963039659544237], [1625494926000, 7.409461908564498]]}"
48,"{'names': 'terra-luna', 'prices': [[1622937600000, 6.048874136683254], [1623024000000, 6.236997443086528], [1623110400000, 5.533924293864848], [1623196800000, 5.623572453840505], [1623283200000, 5.994818010357618], [1623369600000, 6.049635305242525], [1623456000000, 5.519639199160396], [1623542400000, 5.490097410358132], [1623628800000, 6.075400507061146], [1623715200000, 6.207921618946238], [1623801600000, 6.668991133816816], [1623888000000, 6.158882197338815], [1623974400000, 6.163854713095008], [1624060800000, 5.923826771633512], [1624147200000, 5.752889068505318], [1624233600000, 5.8675090914168715], [1624320000000, 4.842322378210998], [1624406400000, 4.667509642754061], [1624492800000, 5.197776724818458], [1624579200000, 5.433920244490099], [1624665600000, 5.158709724448227], [1624752000000, 5.190592492656587], [1624838400000, 5.417291660240533], [1624924800000, 5.542342682971971], [1625011200000, 6.010092412589735], [1625097600000, 6.544528061091653], [1625184000000, 5.92575449034368], [1625270400000, 5.740214707549081], [1625356800000, 5.812122036718313], [1625443200000, 5.96589158458075], [1625495303000, 5.8026106484817985]]}"
49,"{'names': 'tether', 'prices': [[1622937600000, 1.0010087062748723], [1623024000000, 1.0025782335069557], [1623110400000, 1.0002762650139625], [1623196800000, 1.0024226284773852], [1623283200000, 1.0017490911116596], [1623369600000, 1.0039809916905793], [1623456000000, 1.0006831170651154], [1623542400000, 1.0042687651183322], [1623628800000, 0.9994251393760427], [1623715200000, 1.0011189590334115], [1623801600000, 1.0028818770029917], [1623888000000, 0.9985023689628276], [1623974400000, 1.0029194130028705], [1624060800000, 1.0008771187642447], [1624147200000, 1.0042114667627022], [1624233600000, 1.0011953646127407], [1624320000000, 0.9972093465234795], [1624406400000, 1.0045332107850604], [1624492800000, 1.0028212108579748], [1624579200000, 1.0021966303539478], [1624665600000, 1.000703468387949], [1624752000000, 1.0031606897360204], [1624838400000, 1.0018020695846548], [1624924800000, 1.0038513883661013], [1625011200000, 1.000417551720511], [1625097600000, 1.0044595729244727], [1625184000000, 1.0016307604207397], [1625270400000, 1.0043237595045345], [1625356800000, 1.003225211477391], [1625443200000, 0.995146280011523], [1625493924000, 1.00204125781561]]}"
50,"{'names': 'the-graph', 'prices': [[1622937600000, 0.7535517692438106], [1623024000000, 0.7808752691859693], [1623110400000, 0.6906647458043389], [1623196800000, 0.6963061507068119], [1623283200000, 0.7100016519843966], [1623369600000, 0.6650664773455399], [1623456000000, 0.6145807250174995], [1623542400000, 0.6048091270857081], [1623628800000, 0.6898823879774348], [1623715200000, 0.6826246725360617], [1623801600000, 0.7216016032973417], [1623888000000, 0.6772023386994743], [1623974400000, 0.6867482842061737], [1624060800000, 0.6127467728524579], [1624147200000, 0.605060779755478], [1624233600000, 0.6435038274376145], [1624320000000, 0.5097361607592847], [1624406400000, 0.49026038236336084], [1624492800000, 0.6047563955788657], [1624579200000, 0.6008317412644901], [1624665600000, 0.5369215384268905], [1624752000000, 0.541936845887373], [1624838400000, 0.5583786034220222], [1624924800000, 0.5709470239682546], [1625011200000, 0.5786294203909497], [1625097600000, 0.5894868890410061], [1625184000000, 0.5427371957343236], [1625270400000, 0.5966645379839131], [1625356800000, 0.6776505416691954], [1625443200000, 0.7193505943949067], [1625494867000, 0.7767123680304945]]}"
51,"{'names': 'theta-token', 'prices': [[1622937600000, 8.963032868045804], [1623024000000, 8.825318945557232], [1623110400000, 8.668089310215567], [1623196800000, 8.991252075204649], [1623283200000, 9.343839900668593], [1623369600000, 8.816697749487185], [1623456000000, 7.8240450782625945], [1623542400000, 7.889446315376638], [1623628800000, 8.76034653824938], [1623715200000, 9.100308114792103], [1623801600000, 8.955779425633667], [1623888000000, 8.83805437645231], [1623974400000, 9.552806317758343], [1624060800000, 8.926440712921499], [1624147200000, 8.943375273686934], [1624233600000, 8.713677051946522], [1624320000000, 6.605611683594413], [1624406400000, 6.349983356424532], [1624492800000, 6.89724388732338], [1624579200000, 7.290770979106364], [1624665600000, 6.774883539673381], [1624752000000, 6.545378151096166], [1624838400000, 6.914583468144957], [1624924800000, 6.9676256344956675], [1625011200000, 7.095211652858936], [1625097600000, 6.953977626582622], [1625184000000, 6.374225483755731], [1625270400000, 6.251630326493835], [1625356800000, 6.245126083231077], [1625443200000, 6.360452519109381], [1625494892000, 6.041870534848808]]}"
52,"{'names': 'thorchain', 'prices': [[1622937600000, 10.605181098197678], [1623024000000, 10.76178944197271], [1623110400000, 9.1077726761276], [1623196800000, 9.13621453357963], [1623283200000, 9.713113304576117], [1623369600000, 8.482381485549118], [1623456000000, 7.2610852027755906], [1623542400000, 7.102921277636621], [1623628800000, 8.37897089340737], [1623715200000, 8.975694627567771], [1623801600000, 9.910972551462516], [1623888000000, 9.284841989433625], [1623974400000, 8.745879273622759], [1624060800000, 8.08831967140152], [1624147200000, 7.334491073726325], [1624233600000, 8.33777630369448], [1624320000000, 6.061621321618198], [1624406400000, 5.2753700684219105], [1624492800000, 5.591259088936473], [1624579200000, 6.3388394036396205], [1624665600000, 5.4878780154096845], [1624752000000, 5.372645029840152], [1624838400000, 6.053260758319554], [1624924800000, 6.315331267381764], [1625011200000, 6.597427946542584], [1625097600000, 6.7802571151474496], [1625184000000, 6.221112639512741], [1625270400000, 5.825019668768228], [1625356800000, 6.002629221980188], [1625443200000, 6.2510758173925565], [1625493654000, 6.012765951981427]]}"
53,"{'names': 'thorchain-erc20', 'prices': [[1622937600000, 11.747075662180936], [1623024000000, 11.593109271536994], [1623110400000, 10.643118837902694], [1623196800000, 9.313696578996163], [1623283200000, 10.033452679023426], [1623369600000, 9.1065555670435], [1623456000000, 7.287960180176233], [1623542400000, 7.1736098573895175], [1623628800000, 8.399828643916496], [1623715200000, 9.26812910154204], [1623801600000, 10.130129634236015], [1623888000000, 9.068464457156349], [1623974400000, 8.768330453602177], [1624060800000, 8.227623768884575], [1624147200000, 7.353950284632516], [1624233600000, 8.148778635438612], [1624320000000, 5.349115839208163], [1624406400000, 5.283726221683787], [1624492800000, 5.797639600783277], [1624579200000, 6.397935344493226], [1624665600000, 5.956052929588142], [1624752000000, 5.7417522313093], [1624838400000, 6.394054349836733], [1624924800000, 6.33059597803795], [1625011200000, 6.780301842748501], [1625097600000, 6.8090620186793975], [1625184000000, 6.4096453292006474], [1625270400000, 6.251842548962511], [1625356800000, 6.3995821023353265], [1625443200000, 6.442791450711813], [1625493980000, 6.119411925022539]]}"
54,"{'names': 'tron', 'prices': [[1622937600000, 0.07560179985087011], [1623024000000, 0.07749281110159897], [1623110400000, 0.07118365436782757], [1623196800000, 0.07270941400099197], [1623283200000, 0.0755321613415664], [1623369600000, 0.07270762457403189], [1623456000000, 0.06927783001628762], [1623542400000, 0.0682843879263286], [1623628800000, 0.07146111926850743], [1623715200000, 0.07221332905266863], [1623801600000, 0.07211073430888777], [1623888000000, 0.06872286883750166], [1623974400000, 0.07370712691177035], [1624060800000, 0.0695934981291446], [1624147200000, 0.06872802823357642], [1624233600000, 0.06802071065282371], [1624320000000, 0.05423026688059022], [1624406400000, 0.0508615306560151], [1624492800000, 0.05695182053845154], [1624579200000, 0.06623232555120999], [1624665600000, 0.06238106931381374], [1624752000000, 0.06255824747674266], [1624838400000, 0.06495154063191287], [1624924800000, 0.06546783639696861], [1625011200000, 0.06789915920364797], [1625097600000, 0.06824318022569606], [1625184000000, 0.06503644923842729], [1625270400000, 0.06663894458423027], [1625356800000, 0.06691905713981895], [1625443200000, 0.06746832051385311], [1625495210000, 0.06454375078399566]]}"
55,"{'names': 'tron-bsc', 'prices': [[1622937600000, 0.07497050866200501], [1623024000000, 0.07698994238858123], [1623110400000, 0.07177268436616757], [1623196800000, 0.07260450245137816], [1623283200000, 0.07475608237535891], [1623369600000, 0.07312075112572103], [1623456000000, 0.06926959459503933], [1623542400000, 0.06808208333662423], [1623628800000, 0.0714149764167857], [1623715200000, 0.07189323038416608], [1623801600000, 0.07166640645732467], [1623888000000, 0.0695741903244107], [1623974400000, 0.07264864330813804], [1624060800000, 0.06962905500290315], [1624147200000, 0.06913413626360183], [1624233600000, 0.06810359157455145], [1624320000000, 0.05708227950139802], [1624406400000, 0.05112835339181802], [1624492800000, 0.05477080008535577], [1624579200000, 0.06618600510042517], [1624665600000, 0.061549441817780284], [1624752000000, 0.06229676533901439], [1624838400000, 0.06467919427180967], [1624924800000, 0.06526859405155064], [1625011200000, 0.06831464168767326], [1625097600000, 0.06816299242904852], [1625184000000, 0.06508488700281151], [1625270400000, 0.06611758223112177], [1625356800000, 0.06671897750104169], [1625443200000, 0.06743917259920827], [1625494155000, 0.06423942278118124]]}"
56,"{'names': 'unicorn-token', 'prices': [[1622937600000, 0.0015589532332284108], [1623024000000, 0.001566713484702256], [1623110400000, 0.0015009149038669237], [1623196800000, 0.0014483163680391647], [1623283200000, 0.0014483163680391647], [1623369600000, 0.000589732861447168], [1623456000000, 0.0004464324091383504], [1623542400000, 0.0005715916370533296], [1623628800000, 0.0007866811456135695], [1623715200000, 0.001420354406331931], [1623801600000, 0.0006461848440721312], [1623888000000, 0.0006432515372673552], [1623974400000, 0.000608482639197568], [1624060800000, 0.0005013133778953665], [1624147200000, 0.0004916051109943078], [1624233600000, 0.0002769925151015688], [1624320000000, 0.0002769925151015688], [1624406400000, 0.0002769925151015688], [1624492800000, 0.000272959581734356], [1624579200000, 0.0008329091754679152], [1624665600000, 0.0008046173998852008], [1624752000000, 0.0007352702229576648], [1624838400000, 0.0007352702229576648], [1624924800000, 0.0007352702229576648], [1625011200000, 0.0007352702229576648], [1625097600000, 0.0004920803253607738], [1625184000000, 0.0004674976539460976], [1625270400000, 0.0004674976539460976], [1625356800000, 0.0004141620369513396], [1625443200000, 0.0004266169542085476], [1625493863000, 0.0004266169542085476]]}"
57,"{'names': 'uniswap', 'prices': [[1622937600000, 25.62425935827629], [1623024000000, 25.849304501320383], [1623110400000, 23.998196888658022], [1623196800000, 23.50606219407111], [1623283200000, 25.172290372942854], [1623369600000, 23.562079975609862], [1623456000000, 21.838306026417136], [1623542400000, 21.378808119329204], [1623628800000, 23.388039703826532], [1623715200000, 24.264196404895344], [1623801600000, 23.577694536943426], [1623888000000, 21.75109184219665], [1623974400000, 22.22397138305936], [1624060800000, 20.373643563724542], [1624147200000, 19.890780818849283], [1624233600000, 20.816261009063304], [1624320000000, 15.970704786655926], [1624406400000, 16.370259750854522], [1624492800000, 17.829456504097095], [1624579200000, 18.0667151242022], [1624665600000, 16.172249519318125], [1624752000000, 16.008507036063964], [1624838400000, 17.05550488466715], [1624924800000, 17.748392141619405], [1625011200000, 18.617033293943404], [1625097600000, 19.26720516591401], [1625184000000, 17.96679464680169], [1625270400000, 18.232300860715522], [1625356800000, 19.41652670979206], [1625443200000, 20.872129596324438], [1625495354000, 19.686271539675214]]}"
58,"{'names': 'universe-token', 'prices': [[1622937600000, 0.0014714831187960862], [1623024000000, 0.0014714831187960862], [1623110400000, 0.0018760817171089986], [1623283200000, 0.001516090813127884], [1623369600000, 0.001516090813127884], [1623456000000, 0.001965300652217833], [1623542400000, 0.001974396683952207], [1623628800000, 0.001974396683952207], [1623715200000, 0.0016739222162330536], [1623801600000, 0.0022171698412345323], [1623888000000, 0.12254205131084599], [1623974400000, 0.025407228630441092], [1624060800000, 0.022590416544162273], [1624147200000, 0.022590416544162273], [1624579200000, 0.112064733748015], [1624609124000, 0.112064733748015], [1624665600000, 0.112064733748015]]}"
59,"{'names': 'vechain', 'prices': [[1622937600000, 0.12630011874044558], [1623024000000, 0.1291937932817923], [1623110400000, 0.1148244426381289], [1623196800000, 0.11374536333367453], [1623283200000, 0.12051373276132477], [1623369600000, 0.1125070951455799], [1623456000000, 0.10550947010302276], [1623542400000, 0.10686650344286798], [1623628800000, 0.11324585232235981], [1623715200000, 0.11400962210215479], [1623801600000, 0.11220454962810315], [1623888000000, 0.10756261848690404], [1623974400000, 0.10779809927678789], [1624060800000, 0.0999617073084078], [1624147200000, 0.09742913299735632], [1624233600000, 0.09948564497615595], [1624320000000, 0.07492098975988301], [1624406400000, 0.07151738771405353], [1624492800000, 0.07647605767806859], [1624579200000, 0.08067954645756054], [1624665600000, 0.0739052033326988], [1624752000000, 0.07331863978910315], [1624838400000, 0.07784079566344429], [1624924800000, 0.07953176365209716], [1625011200000, 0.08999217440842504], [1625097600000, 0.0909281489485133], [1625184000000, 0.08551731688253669], [1625270400000, 0.08716758491574789], [1625356800000, 0.08724001717405472], [1625443200000, 0.08822010027215335], [1625493955000, 0.08455653017263816]]}"
60,"{'names': 'waves', 'prices': [[1622937600000, 14.095730066988919], [1623024000000, 16.60742946660648], [1623110400000, 14.189286552826246], [1623196800000, 14.456142635287886], [1623283200000, 14.602410448186927], [1623369600000, 14.101933928081195], [1623456000000, 14.020039480486828], [1623542400000, 14.82979855498027], [1623628800000, 15.238699872701856], [1623715200000, 15.783036411089832], [1623801600000, 16.76816924403043], [1623888000000, 16.72074555865613], [1623974400000, 18.529242691726118], [1624060800000, 16.4767100604099], [1624147200000, 16.06484963973013], [1624233600000, 17.726614032475347], [1624320000000, 14.132897419995679], [1624406400000, 12.448927123817482], [1624492800000, 13.095566358493317], [1624579200000, 13.51216403640475], [1624665600000, 13.2118469275334], [1624752000000, 13.521983772172753], [1624838400000, 13.91656432316358], [1624924800000, 14.121824257677448], [1625011200000, 15.44791914897759], [1625097600000, 16.380198683046032], [1625184000000, 15.89238875433475], [1625270400000, 16.125803313002564], [1625356800000, 16.21820691750811], [1625443200000, 17.064329646965106], [1625493736000, 16.566640030464377]]}"
61,"{'names': 'wrapped-terra', 'prices': [[1622937600000, 6.066596683520052], [1623024000000, 6.265860864714852], [1623110400000, 5.4712311902947794], [1623196800000, 5.7042763784017545], [1623283200000, 5.980927532582474], [1623369600000, 6.0632553042326665], [1623456000000, 5.586491421547697], [1623542400000, 5.546328657716962], [1623628800000, 6.0267703194336715], [1623715200000, 6.168994891122854], [1623801600000, 6.643698202310898], [1623888000000, 6.0738665843012845], [1623974400000, 6.1996872589032], [1624060800000, 5.938430770101847], [1624147200000, 5.835445068333839], [1624233600000, 5.931340461771755], [1624320000000, 4.862339227053344], [1624406400000, 4.681143707253036], [1624492800000, 5.169650073170066], [1624579200000, 5.380191959059536], [1624665600000, 5.070683223791421], [1624752000000, 5.190316390838367], [1624838400000, 5.464369006374696], [1624924800000, 5.528705975705316], [1625011200000, 5.992000153518098], [1625097600000, 6.522892456060129], [1625184000000, 5.965280591105032], [1625270400000, 5.749853952472518], [1625356800000, 5.864065990369863], [1625443200000, 6.0195649018976605], [1625493010000, 5.75688491352125]]}"
62,"{'names': 'yearn-finance', 'prices': [[1622937600000, 42272.652861174065], [1623024000000, 43056.31672292583], [1623110400000, 40098.13477378052], [1623196800000, 39803.4799447474], [1623283200000, 40367.497492253824], [1623369600000, 37888.74712239124], [1623456000000, 36838.670900047684], [1623542400000, 36469.84359425904], [1623628800000, 38686.689145623175], [1623715200000, 39491.22179141695], [1623801600000, 39211.60544512071], [1623888000000, 36296.38568186865], [1623974400000, 36429.186629438766], [1624060800000, 34024.049500792345], [1624147200000, 33384.826630889314], [1624233600000, 36130.32153050478], [1624320000000, 29617.497987455896], [1624406400000, 28541.894862379188], [1624492800000, 30965.80798190082], [1624579200000, 31356.40158436305], [1624665600000, 28728.383090042436], [1624752000000, 28398.41056178194], [1624838400000, 30036.140868990402], [1624924800000, 31506.464751838037], [1625011200000, 33596.28768767325], [1625097600000, 33825.45949442201], [1625184000000, 32284.979744676984], [1625270400000, 32145.75055693154], [1625356800000, 32710.402463999937], [1625443200000, 33562.93759883911], [1625495381000, 31753.125147424802]]}"
63,"{'names': 'zcash', 'prices': [[1622937600000, 153.49538786636626], [1623024000000, 149.27345806771493], [1623110400000, 136.0915703270638], [1623196800000, 131.70470411878668], [1623283200000, 144.57492413338724], [1623369600000, 134.2830955175895], [1623456000000, 124.2698835649164], [1623542400000, 126.43610538678335], [1623628800000, 132.20004786661258], [1623715200000, 138.6972607149655], [1623801600000, 136.96945540128922], [1623888000000, 135.64269688376802], [1623974400000, 141.81403520188215], [1624060800000, 132.82119705793426], [1624147200000, 128.28824305716665], [1624233600000, 132.5703918914638], [1624320000000, 102.93462979055381], [1624406400000, 106.19855329352306], [1624492800000, 111.7033372250161], [1624579200000, 112.25631669794834], [1624665600000, 103.20098406328229], [1624752000000, 102.46817357437777], [1624838400000, 107.19986883346623], [1624924800000, 115.01557653969996], [1625011200000, 124.98824618130052], [1625097600000, 130.3531227705589], [1625184000000, 121.85162284943253], [1625270400000, 117.80634308364047], [1625356800000, 115.97773123557751], [1625443200000, 120.51884567300968], [1625495369000, 114.2361065573037]]}"
64,"{'names': 'zencash', 'prices': [[1622937600000, 98.22076332592557], [1623024000000, 96.50589649108038], [1623110400000, 86.19615456576108], [1623196800000, 83.25353650970375], [1623283200000, 91.60689800767149], [1623369600000, 87.56088146309575], [1623456000000, 79.9525173851279], [1623542400000, 78.82381150068923], [1623628800000, 83.48330253260848], [1623715200000, 84.51891579158435], [1623801600000, 86.9787117442723], [1623888000000, 88.66185810616238], [1623974400000, 85.69906453871657], [1624060800000, 80.74574429302815], [1624147200000, 79.82389902341481], [1624233600000, 78.3097317556979], [1624320000000, 57.10958033040551], [1624406400000, 54.49509147481723], [1624492800000, 67.76099152107732], [1624579200000, 64.28401804624615], [1624665600000, 58.08459743816205], [1624752000000, 55.767907093652006], [1624838400000, 59.58516849352003], [1624924800000, 61.84808494072967], [1625011200000, 67.14948928404657], [1625097600000, 68.09902416196095], [1625184000000, 62.47526477306626], [1625270400000, 62.699739426658304], [1625356800000, 66.5495620658575], [1625443200000, 67.40591236930747], [1625493706000, 63.905590392234544]]}"
65,"{'names': 'zilliqa', 'prices': [[1622937600000, 0.1201615253391675], [1623024000000, 0.12412876713125688], [1623110400000, 0.10937840437676688], [1623196800000, 0.10864091138733453], [1623283200000, 0.11565247037952296], [1623369600000, 0.10943710097589189], [1623456000000, 0.10276507913587661], [1623542400000, 0.09946868564105017], [1623628800000, 0.10761058198799865], [1623715200000, 0.11090044103559571], [1623801600000, 0.10828536238060676], [1623888000000, 0.10391790389279412], [1623974400000, 0.1051721606544551], [1624060800000, 0.0965987336527512], [1624147200000, 0.09418874968197405], [1624233600000, 0.09713969800801756], [1624320000000, 0.0735245566675632], [1624406400000, 0.0682894142713615], [1624492800000, 0.07437202936111179], [1624579200000, 0.07929255912151036], [1624665600000, 0.07119711038028051], [1624752000000, 0.07005310866655386], [1624838400000, 0.07279165547096265], [1624924800000, 0.07988271874546252], [1625011200000, 0.08641285058576278], [1625097600000, 0.0884341600730886], [1625184000000, 0.08315822985038095], [1625270400000, 0.08175352342931215], [1625356800000, 0.08226399978229113], [1625443200000, 0.08332975503759564], [1625493734000, 0.08034183650408507]]}"
